{"users": [{"first_name": "Кирилл", "last_name": "Фетыкакий", "birth_date": -1094774400, "gender": "m", "id": 10001, "email": "naftewereklegaltier@me.com"}, {"first_name": "Дамир", "last_name": "Фаолопов", "birth_date": 875059200, "gender": "m", "id": 10002, "email": "roemgole@yandex.ru"}, {"first_name": "Ульяна", "last_name": "Лукыкасян", "birth_date": -694828800, "gender": "f", "id": 10003, "email": "nesilhowve@icloud.com"}, {"first_name": "Евгения", "last_name": "Данушучан", "birth_date": 385171200, "gender": "f", "id": 10004, "email": "yrehdaorsaltesopho@icloud.com"}, {"first_name": "Максим", "last_name": "Хопатокий", "birth_date": 2764800, "gender": "m", "id": 10005, "email": "telpasertol@inbox.ru"}, {"first_name": "Владислав", "last_name": "Хопололан", "birth_date": -757814400, "gender": "m", "id": 10006, "email": "tasenitryrsinci@yandex.ru"}, {"first_name": "Василиса", "last_name": "Лукашеина", "birth_date": 854668800, "gender": "f", "id": 10007, "email": "myselithec@icloud.com"}, {"first_name": "Владислав", "last_name": "Хопыкакий", "birth_date": -771465600, "gender": "m", "id": 10008, "email": "fananilymle@yandex.ru"}, {"first_name": "Александр", "last_name": "Данетапов", "birth_date": 742521600, "gender": "m", "id": 10009, "email": "viheshufolam@yandex.ru"}, {"first_name": "Кира", "last_name": "Лукушучан", "birth_date": -184723200, "gender": "f", "id": 10010, "email": "isewirowurbe@yandex.ru"}, {"first_name": "Василиса", "last_name": "Колыкачан", "birth_date": 112838400, "gender": "f", "id": 10011, "email": "sohriinit@yahoo.com"}, {"first_name": "Дамир", "last_name": "Хопленпов", "birth_date": -373852800, "gender": "m", "id": 10012, "email": "ucfestodweltetnonmede@rambler.com"}, {"first_name": "Алёна", "last_name": "Терололова", "birth_date": 706838400, "gender": "f", "id": 10013, "email": "lutenesymeneti@list.me"}, {"first_name": "Алина", "last_name": "Кисашеина", "birth_date": -974764800, "gender": "f", "id": 10014, "email": "culrenhit@yandex.ru"}, {"first_name": "Роман", "last_name": "Терушусян", "birth_date": -557366400, "gender": "m", "id": 10015, "email": "behisi@yandex.ru"}, {"first_name": "Всеволод", "last_name": "Хопатоный", "birth_date": -999216000, "gender": "m", "id": 10016, "email": "dekwicosih@list.me"}, {"first_name": "Борислав", "last_name": "Феташеный", "birth_date": 540950400, "gender": "m", "id": 10017, "email": "cestowusnartyotih@ya.ru"}, {"first_name": "Анатолий", "last_name": "Лебашевен", "birth_date": -386121600, "gender": "m", "id": 10018, "email": "hunwidobuetecew@icloud.com"}, {"first_name": "Григорий", "last_name": "Кисыкапов", "birth_date": -744336000, "gender": "m", "id": 10019, "email": "noteseweilet@gmail.com"}, {"first_name": "Софья", "last_name": "Лукетакая", "birth_date": 288057600, "gender": "f", "id": 10020, "email": "derojahadneomsaco@list.me"}, {"first_name": "Павел", "last_name": "Даныкасян", "birth_date": 847756800, "gender": "m", "id": 10021, "email": "hiltila@icloud.com"}, {"first_name": "Карина", "last_name": "Фететачан", "birth_date": -346032000, "gender": "f", "id": 10022, "email": "allohtasweveres@icloud.com"}, {"first_name": "Олег", "last_name": "Пенашекий", "birth_date": -428544000, "gender": "m", "id": 10023, "email": "dehalbytehso@list.me"}, {"first_name": "Полина", "last_name": "Лукыкасян", "birth_date": 373420800, "gender": "f", "id": 10024, "email": "nisashitok@gmail.com"}, {"first_name": "Дамир", "last_name": "Колушутин", "birth_date": -1052870400, "gender": "m", "id": 10025, "email": "galodpesenhaer@list.me"}, {"first_name": "Евгений", "last_name": "Фететалан", "birth_date": 701395200, "gender": "m", "id": 10026, "email": "neatoltigetfemva@gmail.com"}, {"first_name": "Николай", "last_name": "Фетыкатин", "birth_date": -59356800, "gender": "m", "id": 10027, "email": "rehuhsetcukem@rambler.com"}, {"first_name": "Мирра", "last_name": "Кисолочан", "birth_date": -177552000, "gender": "f", "id": 10028, "email": "ipomtasaetinfasdo@list.me"}, {"first_name": "Марина", "last_name": "Хопушулова", "birth_date": -162518400, "gender": "f", "id": 10029, "email": "tenalki@list.me"}, {"first_name": "Ульяна", "last_name": "Фаетатина", "birth_date": -677462400, "gender": "f", "id": 10030, "email": "hinesovsit@icloud.com"}, {"first_name": "Светлана", "last_name": "Кисолоная", "birth_date": -616377600, "gender": "f", "id": 10031, "email": "fisharpeltohi@rambler.com"}, {"first_name": "Руслан", "last_name": "Лукыкало", "birth_date": 667526400, "gender": "m", "id": 10032, "email": "raygse@inbox.ru"}, {"first_name": "Геннадий", "last_name": "Пенетатин", "birth_date": -266371200, "gender": "m", "id": 10033, "email": "donnitasetlet@icloud.com"}, {"first_name": "Лера", "last_name": "Лукыкасян", "birth_date": -812851200, "gender": "f", "id": 10034, "email": "ewniecot@gmail.com"}, {"first_name": "Владимир", "last_name": "Фетыкатев", "birth_date": -702432000, "gender": "m", "id": 10035, "email": "ryfuhusatheacabte@yandex.ru"}, {"first_name": "Артур", "last_name": "Теретако", "birth_date": 398217600, "gender": "m", "id": 10036, "email": "esryghotewejtitses@gmail.com"}, {"first_name": "Надежда", "last_name": "Терыканая", "birth_date": 16416000, "gender": "f", "id": 10037, "email": "hyhrosgeegwapfanmelfos@inbox.ru"}, {"first_name": "Алёна", "last_name": "Колушуная", "birth_date": -416534400, "gender": "f", "id": 10038, "email": "nototdog@me.com"}, {"first_name": "Нелли", "last_name": "Фетололова", "birth_date": -883612800, "gender": "f", "id": 10039, "email": "woretaw@yandex.ru"}, {"first_name": "Светлана", "last_name": "Теролоная", "birth_date": 335145600, "gender": "f", "id": 10040, "email": "tihaladhih@gmail.com"}, {"first_name": "Нина", "last_name": "Фаетавич", "birth_date": 905817600, "gender": "f", "id": 10041, "email": "noigunewalomxodiw@inbox.ru"}, {"first_name": "Кира", "last_name": "Данеталова", "birth_date": -1058486400, "gender": "f", "id": 10042, "email": "goofdohohfepewut@ya.ru"}, {"first_name": "Аркадий", "last_name": "Клерленный", "birth_date": -251769600, "gender": "m", "id": 10043, "email": "etersehet@icloud.com"}, {"first_name": "Семён", "last_name": "Кисашевич", "birth_date": -626400000, "gender": "m", "id": 10044, "email": "dyhtihnup@mail.ru"}, {"first_name": "Василий", "last_name": "Стыкаточан", "birth_date": -400896000, "gender": "m", "id": 10045, "email": "esbiwco@yandex.ru"}, {"first_name": "Екатерина", "last_name": "Стаматосян", "birth_date": -467337600, "gender": "f", "id": 10046, "email": "sifestaerer@me.com"}, {"first_name": "Пётр", "last_name": "Кололоный", "birth_date": -1123545600, "gender": "m", "id": 10047, "email": "cofhesheucrein@yandex.ru"}, {"first_name": "Арина", "last_name": "Кисолоная", "birth_date": -441331200, "gender": "f", "id": 10048, "email": "dadcaltysatresritel@yandex.ru"}, {"first_name": "Евгения", "last_name": "Данолосян", "birth_date": -1056931200, "gender": "f", "id": 10049, "email": "teligiarreme@yahoo.com"}, {"first_name": "Карина", "last_name": "Хопушутева", "birth_date": -906508800, "gender": "f", "id": 10050, "email": "owenlotal@inbox.ru"}, {"first_name": "Татьяна", "last_name": "Лукыкачан", "birth_date": 248918400, "gender": "f", "id": 10051, "email": "tatemrireshectoun@ya.ru"}, {"first_name": "Лера", "last_name": "Стыкыкатина", "birth_date": -427593600, "gender": "f", "id": 10052, "email": "anohdabaeretolrid@yahoo.com"}, {"first_name": "Полина", "last_name": "Хопушусян", "birth_date": -186451200, "gender": "f", "id": 10053, "email": "lyhgotlaewhonnin@icloud.com"}, {"first_name": "Олег", "last_name": "Хопетасян", "birth_date": 827798400, "gender": "m", "id": 10054, "email": "ohdenminhelidulan@list.me"}, {"first_name": "Арина", "last_name": "Фаолович", "birth_date": 80524800, "gender": "f", "id": 10055, "email": "veegalhaontilu@icloud.com"}, {"first_name": "Юлия", "last_name": "Леболотина", "birth_date": -633484800, "gender": "f", "id": 10056, "email": "ecgygoyhhyatic@gmail.com"}, {"first_name": "Геннадий", "last_name": "Колетатев", "birth_date": -161049600, "gender": "m", "id": 10057, "email": "gastecenfesamy@gmail.com"}, {"first_name": "Светлана", "last_name": "Кисатотина", "birth_date": -113184000, "gender": "f", "id": 10058, "email": "etware@list.me"}, {"first_name": "Александр", "last_name": "Кисашетин", "birth_date": 802569600, "gender": "m", "id": 10059, "email": "siadnoodweenin@mail.ru"}, {"first_name": "Константин", "last_name": "Стаматопов", "birth_date": -763171200, "gender": "m", "id": 10060, "email": "rohhawnelenta@ya.ru"}, {"first_name": "Виктор", "last_name": "Лукушутев", "birth_date": 35596800, "gender": "m", "id": 10061, "email": "ygtettosi@gmail.com"}, {"first_name": "Денис", "last_name": "Лебатотин", "birth_date": -914716800, "gender": "m", "id": 10062, "email": "espesnyhtenra@gmail.com"}]}