{"visits": [{"user": 8209, "location": 610, "visited_at": 1293746624, "id": 100001, "mark": 1}, {"user": 5219, "location": 163, "visited_at": 995740263, "id": 100002, "mark": 3}, {"user": 1557, "location": 5265, "visited_at": 1000535533, "id": 100003, "mark": 1}, {"user": 4385, "location": 1577, "visited_at": 1178064696, "id": 100004, "mark": 3}, {"user": 6126, "location": 6318, "visited_at": 1317680465, "id": 100005, "mark": 2}, {"user": 4049, "location": 4325, "visited_at": 1048582381, "id": 100006, "mark": 2}, {"user": 2512, "location": 2870, "visited_at": 1104896263, "id": 100007, "mark": 2}, {"user": 7656, "location": 3882, "visited_at": 1397947213, "id": 100008, "mark": 1}, {"user": 7246, "location": 3531, "visited_at": 1405456580, "id": 100009, "mark": 4}, {"user": 7182, "location": 2514, "visited_at": 1049481055, "id": 100010, "mark": 4}, {"user": 2019, "location": 7111, "visited_at": 1410420016, "id": 100011, "mark": 4}, {"user": 8057, "location": 2748, "visited_at": 1200278558, "id": 100012, "mark": 2}, {"user": 8284, "location": 6886, "visited_at": 1376723345, "id": 100013, "mark": 4}, {"user": 9630, "location": 5977, "visited_at": 1038121898, "id": 100014, "mark": 2}, {"user": 6724, "location": 6156, "visited_at": 1069083400, "id": 100015, "mark": 2}, {"user": 762, "location": 6034, "visited_at": 948299502, "id": 100016, "mark": 4}, {"user": 7377, "location": 7514, "visited_at": 989484355, "id": 100017, "mark": 1}, {"user": 6848, "location": 954, "visited_at": 1401432149, "id": 100018, "mark": 1}, {"user": 8177, "location": 7275, "visited_at": 1222979743, "id": 100019, "mark": 2}, {"user": 7794, "location": 3053, "visited_at": 1410937459, "id": 100020, "mark": 4}, {"user": 4952, "location": 714, "visited_at": 1037841083, "id": 100021, "mark": 3}, {"user": 4334, "location": 6954, "visited_at": 1277593877, "id": 100022, "mark": 2}, {"user": 138, "location": 6534, "visited_at": 1351245375, "id": 100023, "mark": 1}, {"user": 2886, "location": 2457, "visited_at": 982026195, "id": 100024, "mark": 1}, {"user": 8123, "location": 3627, "visited_at": 1274497269, "id": 100025, "mark": 1}, {"user": 1205, "location": 3452, "visited_at": 1320634601, "id": 100026, "mark": 4}, {"user": 4148, "location": 7854, "visited_at": 1311155181, "id": 100027, "mark": 3}, {"user": 2690, "location": 7337, "visited_at": 1351181352, "id": 100028, "mark": 4}, {"user": 1656, "location": 5743, "visited_at": 1043842103, "id": 100029, "mark": 3}, {"user": 2440, "location": 3265, "visited_at": 1279805717, "id": 100030, "mark": 2}, {"user": 607, "location": 2510, "visited_at": 1393967036, "id": 100031, "mark": 3}, {"user": 9485, "location": 4344, "visited_at": 1371924549, "id": 100032, "mark": 2}, {"user": 4009, "location": 3314, "visited_at": 1217843732, "id": 100033, "mark": 2}, {"user": 1102, "location": 118, "visited_at": 1279590277, "id": 100034, "mark": 3}, {"user": 6875, "location": 2180, "visited_at": 1362177823, "id": 100035, "mark": 2}, {"user": 9169, "location": 434, "visited_at": 1112195685, "id": 100036, "mark": 1}, {"user": 5224, "location": 922, "visited_at": 1302809605, "id": 100037, "mark": 3}, {"user": 6554, "location": 1161, "visited_at": 1024890647, "id": 100038, "mark": 3}, {"user": 5506, "location": 6241, "visited_at": 1091654102, "id": 100039, "mark": 2}, {"user": 6533, "location": 3384, "visited_at": 1253216801, "id": 100040, "mark": 2}, {"user": 4282, "location": 167, "visited_at": 1369207024, "id": 100041, "mark": 1}, {"user": 5814, "location": 6722, "visited_at": 1236846501, "id": 100042, "mark": 2}, {"user": 5235, "location": 988, "visited_at": 1010042776, "id": 100043, "mark": 3}, {"user": 6340, "location": 954, "visited_at": 1321156359, "id": 100044, "mark": 3}, {"user": 351, "location": 4569, "visited_at": 1084209097, "id": 100045, "mark": 4}, {"user": 7707, "location": 3543, "visited_at": 1411296782, "id": 100046, "mark": 2}, {"user": 8846, "location": 314, "visited_at": 1287957116, "id": 100047, "mark": 3}, {"user": 908, "location": 325, "visited_at": 1304361115, "id": 100048, "mark": 2}, {"user": 8091, "location": 7572, "visited_at": 952074831, "id": 100049, "mark": 4}, {"user": 5935, "location": 1066, "visited_at": 1109712981, "id": 100050, "mark": 1}, {"user": 3671, "location": 6828, "visited_at": 1123558143, "id": 100051, "mark": 1}, {"user": 8578, "location": 2075, "visited_at": 1075147204, "id": 100052, "mark": 3}, {"user": 114, "location": 1153, "visited_at": 994713753, "id": 100053, "mark": 4}, {"user": 541, "location": 5321, "visited_at": 1193863176, "id": 100054, "mark": 1}, {"user": 1790, "location": 3543, "visited_at": 1366050975, "id": 100055, "mark": 4}, {"user": 9701, "location": 5242, "visited_at": 1220472461, "id": 100056, "mark": 3}, {"user": 4243, "location": 4593, "visited_at": 1290702932, "id": 100057, "mark": 1}, {"user": 766, "location": 5155, "visited_at": 1356108455, "id": 100058, "mark": 4}, {"user": 3616, "location": 1856, "visited_at": 1267311959, "id": 100059, "mark": 3}, {"user": 2005, "location": 5303, "visited_at": 989226108, "id": 100060, "mark": 3}, {"user": 5535, "location": 30, "visited_at": 1178707025, "id": 100061, "mark": 1}, {"user": 4075, "location": 1164, "visited_at": 1275403967, "id": 100062, "mark": 4}, {"user": 1364, "location": 4084, "visited_at": 1223516108, "id": 100063, "mark": 2}, {"user": 2958, "location": 5964, "visited_at": 1236954308, "id": 100064, "mark": 3}, {"user": 52, "location": 5600, "visited_at": 1174650360, "id": 100065, "mark": 4}, {"user": 2748, "location": 1134, "visited_at": 1078909303, "id": 100066, "mark": 3}, {"user": 2299, "location": 2729, "visited_at": 1258141341, "id": 100067, "mark": 2}, {"user": 1720, "location": 1755, "visited_at": 1419898788, "id": 100068, "mark": 3}, {"user": 48, "location": 3696, "visited_at": 1025320198, "id": 100069, "mark": 1}, {"user": 8572, "location": 2635, "visited_at": 994213672, "id": 100070, "mark": 1}, {"user": 6247, "location": 3415, "visited_at": 1128988584, "id": 100071, "mark": 4}, {"user": 7259, "location": 7545, "visited_at": 957886842, "id": 100072, "mark": 1}, {"user": 9991, "location": 6190, "visited_at": 1259572428, "id": 100073, "mark": 3}, {"user": 6020, "location": 3522, "visited_at": 1339464388, "id": 100074, "mark": 4}, {"user": 8524, "location": 2401, "visited_at": 1248682701, "id": 100075, "mark": 1}, {"user": 8890, "location": 6724, "visited_at": 967685944, "id": 100076, "mark": 4}, {"user": 3315, "location": 7206, "visited_at": 1413998307, "id": 100077, "mark": 2}, {"user": 2064, "location": 4013, "visited_at": 1018141020, "id": 100078, "mark": 1}, {"user": 3076, "location": 3982, "visited_at": 1235343618, "id": 100079, "mark": 2}, {"user": 8155, "location": 7230, "visited_at": 1269932994, "id": 100080, "mark": 2}, {"user": 7071, "location": 2295, "visited_at": 1030276436, "id": 100081, "mark": 3}, {"user": 2125, "location": 5072, "visited_at": 1118104686, "id": 100082, "mark": 1}, {"user": 1105, "location": 7203, "visited_at": 988648103, "id": 100083, "mark": 1}, {"user": 8956, "location": 4759, "visited_at": 1095786889, "id": 100084, "mark": 2}, {"user": 5466, "location": 2215, "visited_at": 975396893, "id": 100085, "mark": 3}, {"user": 1636, "location": 5584, "visited_at": 1299886282, "id": 100086, "mark": 2}, {"user": 784, "location": 7416, "visited_at": 1354840516, "id": 100087, "mark": 1}, {"user": 9352, "location": 6043, "visited_at": 1364652413, "id": 100088, "mark": 3}, {"user": 8556, "location": 4506, "visited_at": 1027483170, "id": 100089, "mark": 4}, {"user": 2360, "location": 2692, "visited_at": 1399427611, "id": 100090, "mark": 3}, {"user": 8451, "location": 7655, "visited_at": 1320592476, "id": 100091, "mark": 4}, {"user": 8095, "location": 6285, "visited_at": 1214350195, "id": 100092, "mark": 2}, {"user": 7500, "location": 6451, "visited_at": 1059010023, "id": 100093, "mark": 2}, {"user": 1439, "location": 166, "visited_at": 979416417, "id": 100094, "mark": 2}, {"user": 1959, "location": 4601, "visited_at": 1323403936, "id": 100095, "mark": 1}, {"user": 7901, "location": 5632, "visited_at": 1328684446, "id": 100096, "mark": 1}, {"user": 7194, "location": 1307, "visited_at": 1273448859, "id": 100097, "mark": 3}, {"user": 4793, "location": 3639, "visited_at": 1104947915, "id": 100098, "mark": 4}, {"user": 4001, "location": 5694, "visited_at": 1203734040, "id": 100099, "mark": 4}, {"user": 3146, "location": 6348, "visited_at": 1192334691, "id": 100100, "mark": 3}, {"user": 8323, "location": 6166, "visited_at": 1293785638, "id": 100101, "mark": 4}, {"user": 7253, "location": 395, "visited_at": 991505622, "id": 100102, "mark": 2}, {"user": 9887, "location": 7969, "visited_at": 1179356070, "id": 100103, "mark": 1}, {"user": 7255, "location": 3148, "visited_at": 1038927628, "id": 100104, "mark": 2}, {"user": 3576, "location": 2481, "visited_at": 1019790557, "id": 100105, "mark": 4}, {"user": 4386, "location": 6805, "visited_at": 1378347160, "id": 100106, "mark": 3}, {"user": 2337, "location": 4948, "visited_at": 1214429554, "id": 100107, "mark": 1}, {"user": 443, "location": 3689, "visited_at": 1069393883, "id": 100108, "mark": 4}, {"user": 2536, "location": 5881, "visited_at": 1006394856, "id": 100109, "mark": 2}, {"user": 3860, "location": 2916, "visited_at": 1087166321, "id": 100110, "mark": 2}, {"user": 3261, "location": 4729, "visited_at": 1410244331, "id": 100111, "mark": 2}, {"user": 4169, "location": 2036, "visited_at": 1354351647, "id": 100112, "mark": 2}, {"user": 5291, "location": 64, "visited_at": 1239668498, "id": 100113, "mark": 3}, {"user": 356, "location": 5198, "visited_at": 1021770880, "id": 100114, "mark": 1}, {"user": 4255, "location": 5269, "visited_at": 1125089499, "id": 100115, "mark": 2}, {"user": 1415, "location": 6756, "visited_at": 997220559, "id": 100116, "mark": 1}, {"user": 8431, "location": 5962, "visited_at": 1258679877, "id": 100117, "mark": 4}, {"user": 991, "location": 2065, "visited_at": 977258736, "id": 100118, "mark": 3}, {"user": 3240, "location": 3601, "visited_at": 1009351906, "id": 100119, "mark": 3}, {"user": 5523, "location": 4377, "visited_at": 1154545674, "id": 100120, "mark": 3}, {"user": 9231, "location": 404, "visited_at": 1182884089, "id": 100121, "mark": 4}, {"user": 6059, "location": 6854, "visited_at": 1159319705, "id": 100122, "mark": 2}, {"user": 2833, "location": 6903, "visited_at": 1347938596, "id": 100123, "mark": 1}, {"user": 2806, "location": 5598, "visited_at": 1038051296, "id": 100124, "mark": 4}, {"user": 5242, "location": 4314, "visited_at": 1215783431, "id": 100125, "mark": 1}, {"user": 2246, "location": 2854, "visited_at": 1077108449, "id": 100126, "mark": 4}, {"user": 5424, "location": 7738, "visited_at": 1128459863, "id": 100127, "mark": 2}, {"user": 6933, "location": 6785, "visited_at": 1391608089, "id": 100128, "mark": 2}, {"user": 128, "location": 2711, "visited_at": 1271319701, "id": 100129, "mark": 1}, {"user": 7669, "location": 4743, "visited_at": 948994983, "id": 100130, "mark": 2}, {"user": 4893, "location": 7943, "visited_at": 1218037189, "id": 100131, "mark": 3}, {"user": 4125, "location": 102, "visited_at": 979818414, "id": 100132, "mark": 3}, {"user": 9825, "location": 6738, "visited_at": 1028993877, "id": 100133, "mark": 4}, {"user": 7788, "location": 1239, "visited_at": 1157720133, "id": 100134, "mark": 4}, {"user": 7499, "location": 6025, "visited_at": 1092162277, "id": 100135, "mark": 1}, {"user": 2931, "location": 1269, "visited_at": 1370425040, "id": 100136, "mark": 1}, {"user": 1336, "location": 2747, "visited_at": 1295878407, "id": 100137, "mark": 3}, {"user": 6123, "location": 491, "visited_at": 1274933508, "id": 100138, "mark": 4}, {"user": 7352, "location": 6825, "visited_at": 1111230399, "id": 100139, "mark": 1}, {"user": 4062, "location": 96, "visited_at": 1059807733, "id": 100140, "mark": 2}, {"user": 6593, "location": 5430, "visited_at": 1376598432, "id": 100141, "mark": 1}, {"user": 506, "location": 6563, "visited_at": 982132113, "id": 100142, "mark": 3}, {"user": 2438, "location": 6295, "visited_at": 1245763697, "id": 100143, "mark": 4}, {"user": 8471, "location": 6692, "visited_at": 1129789914, "id": 100144, "mark": 2}, {"user": 1161, "location": 592, "visited_at": 1310877436, "id": 100145, "mark": 2}, {"user": 6701, "location": 5476, "visited_at": 1192994423, "id": 100146, "mark": 3}, {"user": 99, "location": 5190, "visited_at": 1117983435, "id": 100147, "mark": 3}, {"user": 8462, "location": 1230, "visited_at": 1307875658, "id": 100148, "mark": 1}, {"user": 9160, "location": 4428, "visited_at": 1352244744, "id": 100149, "mark": 1}, {"user": 660, "location": 586, "visited_at": 1243510527, "id": 100150, "mark": 3}, {"user": 6426, "location": 7499, "visited_at": 1230853889, "id": 100151, "mark": 3}, {"user": 5513, "location": 7917, "visited_at": 1299295442, "id": 100152, "mark": 4}, {"user": 4355, "location": 1795, "visited_at": 1262842486, "id": 100153, "mark": 4}, {"user": 9548, "location": 815, "visited_at": 1170382211, "id": 100154, "mark": 4}, {"user": 3671, "location": 1315, "visited_at": 1150837553, "id": 100155, "mark": 2}, {"user": 7360, "location": 2492, "visited_at": 1159210313, "id": 100156, "mark": 1}, {"user": 659, "location": 281, "visited_at": 1238367120, "id": 100157, "mark": 1}, {"user": 6274, "location": 7879, "visited_at": 1336265651, "id": 100158, "mark": 1}, {"user": 2298, "location": 3939, "visited_at": 1347190998, "id": 100159, "mark": 2}, {"user": 9613, "location": 2773, "visited_at": 1335080913, "id": 100160, "mark": 1}, {"user": 1933, "location": 3485, "visited_at": 1008517685, "id": 100161, "mark": 2}, {"user": 9520, "location": 2355, "visited_at": 971946199, "id": 100162, "mark": 1}, {"user": 2043, "location": 2881, "visited_at": 1012210681, "id": 100163, "mark": 1}, {"user": 8937, "location": 1846, "visited_at": 1091049771, "id": 100164, "mark": 4}, {"user": 7803, "location": 3578, "visited_at": 1212772259, "id": 100165, "mark": 3}, {"user": 2926, "location": 1227, "visited_at": 1235351851, "id": 100166, "mark": 3}, {"user": 9561, "location": 1244, "visited_at": 1393944419, "id": 100167, "mark": 4}, {"user": 6554, "location": 6355, "visited_at": 1250354155, "id": 100168, "mark": 1}, {"user": 7981, "location": 4400, "visited_at": 979647065, "id": 100169, "mark": 1}, {"user": 5698, "location": 1900, "visited_at": 1017486654, "id": 100170, "mark": 4}, {"user": 1061, "location": 3500, "visited_at": 1044292657, "id": 100171, "mark": 2}, {"user": 3682, "location": 828, "visited_at": 1115778464, "id": 100172, "mark": 2}, {"user": 4557, "location": 6585, "visited_at": 1160658679, "id": 100173, "mark": 3}, {"user": 8921, "location": 317, "visited_at": 1040366995, "id": 100174, "mark": 3}, {"user": 2729, "location": 358, "visited_at": 1017979627, "id": 100175, "mark": 4}, {"user": 2658, "location": 3499, "visited_at": 947694411, "id": 100176, "mark": 2}, {"user": 7445, "location": 4250, "visited_at": 1379519896, "id": 100177, "mark": 4}, {"user": 9556, "location": 7435, "visited_at": 1334631944, "id": 100178, "mark": 4}, {"user": 9136, "location": 6521, "visited_at": 1410041994, "id": 100179, "mark": 3}, {"user": 2143, "location": 5596, "visited_at": 1261068962, "id": 100180, "mark": 1}, {"user": 6030, "location": 6990, "visited_at": 966617301, "id": 100181, "mark": 3}, {"user": 5010, "location": 2895, "visited_at": 1018998399, "id": 100182, "mark": 1}, {"user": 2144, "location": 5865, "visited_at": 1225201522, "id": 100183, "mark": 4}, {"user": 3482, "location": 536, "visited_at": 1184036819, "id": 100184, "mark": 3}, {"user": 4769, "location": 3039, "visited_at": 1356712347, "id": 100185, "mark": 1}, {"user": 2254, "location": 5988, "visited_at": 1100503418, "id": 100186, "mark": 3}, {"user": 1881, "location": 3970, "visited_at": 1264377845, "id": 100187, "mark": 2}, {"user": 1457, "location": 6360, "visited_at": 1173589809, "id": 100188, "mark": 2}, {"user": 391, "location": 2264, "visited_at": 1228679580, "id": 100189, "mark": 3}, {"user": 9124, "location": 1968, "visited_at": 1249786921, "id": 100190, "mark": 1}, {"user": 8656, "location": 4906, "visited_at": 1056547992, "id": 100191, "mark": 2}, {"user": 4019, "location": 598, "visited_at": 1416087187, "id": 100192, "mark": 1}, {"user": 8136, "location": 3669, "visited_at": 1072741284, "id": 100193, "mark": 1}, {"user": 4064, "location": 3887, "visited_at": 1417081844, "id": 100194, "mark": 1}, {"user": 1040, "location": 2733, "visited_at": 1118077594, "id": 100195, "mark": 2}, {"user": 4000, "location": 1641, "visited_at": 1280840095, "id": 100196, "mark": 4}, {"user": 7832, "location": 5789, "visited_at": 990083775, "id": 100197, "mark": 2}, {"user": 9762, "location": 1652, "visited_at": 1088841092, "id": 100198, "mark": 2}, {"user": 4997, "location": 7095, "visited_at": 1014998986, "id": 100199, "mark": 3}, {"user": 3086, "location": 3890, "visited_at": 970396230, "id": 100200, "mark": 2}, {"user": 8487, "location": 7727, "visited_at": 975673161, "id": 100201, "mark": 4}, {"user": 1719, "location": 4098, "visited_at": 1177157955, "id": 100202, "mark": 3}, {"user": 4381, "location": 1658, "visited_at": 992246351, "id": 100203, "mark": 2}, {"user": 3496, "location": 4383, "visited_at": 1355224787, "id": 100204, "mark": 1}, {"user": 1965, "location": 4202, "visited_at": 1375389785, "id": 100205, "mark": 4}, {"user": 9498, "location": 1432, "visited_at": 1394721295, "id": 100206, "mark": 3}, {"user": 6729, "location": 7260, "visited_at": 1324164948, "id": 100207, "mark": 1}, {"user": 1761, "location": 1759, "visited_at": 1299826212, "id": 100208, "mark": 4}, {"user": 6241, "location": 1318, "visited_at": 1089527223, "id": 100209, "mark": 2}, {"user": 1258, "location": 7530, "visited_at": 1220316419, "id": 100210, "mark": 3}, {"user": 3218, "location": 2764, "visited_at": 1417254416, "id": 100211, "mark": 2}, {"user": 4914, "location": 2882, "visited_at": 1195915414, "id": 100212, "mark": 4}, {"user": 9893, "location": 7963, "visited_at": 1125071722, "id": 100213, "mark": 2}, {"user": 8587, "location": 5678, "visited_at": 1021980201, "id": 100214, "mark": 1}, {"user": 8161, "location": 567, "visited_at": 1149963298, "id": 100215, "mark": 4}, {"user": 8437, "location": 3109, "visited_at": 1349881861, "id": 100216, "mark": 2}, {"user": 7625, "location": 5795, "visited_at": 1066008582, "id": 100217, "mark": 2}, {"user": 2913, "location": 5244, "visited_at": 1346502711, "id": 100218, "mark": 2}, {"user": 5722, "location": 447, "visited_at": 1411284218, "id": 100219, "mark": 1}, {"user": 4995, "location": 270, "visited_at": 1033923836, "id": 100220, "mark": 2}, {"user": 7191, "location": 5036, "visited_at": 1238292458, "id": 100221, "mark": 2}, {"user": 4963, "location": 3729, "visited_at": 1406168419, "id": 100222, "mark": 2}, {"user": 3449, "location": 1440, "visited_at": 1347260589, "id": 100223, "mark": 4}, {"user": 4309, "location": 4193, "visited_at": 1018069594, "id": 100224, "mark": 2}, {"user": 3284, "location": 2378, "visited_at": 1386376915, "id": 100225, "mark": 1}, {"user": 5449, "location": 4330, "visited_at": 1089763936, "id": 100226, "mark": 1}, {"user": 9088, "location": 2688, "visited_at": 1338175427, "id": 100227, "mark": 3}, {"user": 669, "location": 6665, "visited_at": 1026878592, "id": 100228, "mark": 4}, {"user": 474, "location": 1183, "visited_at": 1238749057, "id": 100229, "mark": 4}, {"user": 9575, "location": 923, "visited_at": 1150315731, "id": 100230, "mark": 1}, {"user": 889, "location": 2006, "visited_at": 1028979258, "id": 100231, "mark": 2}, {"user": 8829, "location": 6452, "visited_at": 956192741, "id": 100232, "mark": 4}, {"user": 6115, "location": 6804, "visited_at": 1101775493, "id": 100233, "mark": 4}, {"user": 2549, "location": 6241, "visited_at": 1183078014, "id": 100234, "mark": 2}, {"user": 1739, "location": 4946, "visited_at": 1197509304, "id": 100235, "mark": 2}, {"user": 6206, "location": 4553, "visited_at": 1394458487, "id": 100236, "mark": 3}, {"user": 4824, "location": 2606, "visited_at": 1036460761, "id": 100237, "mark": 3}, {"user": 1508, "location": 841, "visited_at": 1179016274, "id": 100238, "mark": 2}, {"user": 3335, "location": 778, "visited_at": 1000447043, "id": 100239, "mark": 3}, {"user": 1082, "location": 1439, "visited_at": 1395376597, "id": 100240, "mark": 1}, {"user": 6825, "location": 7884, "visited_at": 1383473962, "id": 100241, "mark": 3}, {"user": 2811, "location": 6525, "visited_at": 1311456732, "id": 100242, "mark": 4}, {"user": 9225, "location": 4441, "visited_at": 1003375000, "id": 100243, "mark": 4}, {"user": 4442, "location": 1361, "visited_at": 1390591148, "id": 100244, "mark": 3}, {"user": 1386, "location": 1761, "visited_at": 1226633322, "id": 100245, "mark": 2}, {"user": 1161, "location": 5962, "visited_at": 1061447749, "id": 100246, "mark": 4}, {"user": 8719, "location": 4760, "visited_at": 1246351810, "id": 100247, "mark": 4}, {"user": 804, "location": 7860, "visited_at": 1067471225, "id": 100248, "mark": 3}, {"user": 592, "location": 2458, "visited_at": 961992204, "id": 100249, "mark": 2}, {"user": 9724, "location": 4553, "visited_at": 1245245398, "id": 100250, "mark": 2}, {"user": 6078, "location": 322, "visited_at": 1120070035, "id": 100251, "mark": 2}, {"user": 6643, "location": 610, "visited_at": 1316065357, "id": 100252, "mark": 3}, {"user": 8131, "location": 6553, "visited_at": 1061225098, "id": 100253, "mark": 2}, {"user": 361, "location": 1863, "visited_at": 1013321667, "id": 100254, "mark": 1}, {"user": 2118, "location": 3081, "visited_at": 1038205125, "id": 100255, "mark": 4}, {"user": 3842, "location": 3959, "visited_at": 1317667311, "id": 100256, "mark": 2}, {"user": 6822, "location": 5176, "visited_at": 1358776096, "id": 100257, "mark": 3}, {"user": 1345, "location": 5810, "visited_at": 1315283166, "id": 100258, "mark": 2}, {"user": 252, "location": 7141, "visited_at": 1203049378, "id": 100259, "mark": 3}, {"user": 600, "location": 5695, "visited_at": 1199485892, "id": 100260, "mark": 4}, {"user": 4141, "location": 6312, "visited_at": 1244334910, "id": 100261, "mark": 3}, {"user": 7774, "location": 6404, "visited_at": 1250503460, "id": 100262, "mark": 2}, {"user": 8672, "location": 2636, "visited_at": 1021195188, "id": 100263, "mark": 2}, {"user": 3746, "location": 7806, "visited_at": 1008445040, "id": 100264, "mark": 4}, {"user": 943, "location": 5374, "visited_at": 1418070668, "id": 100265, "mark": 1}, {"user": 1027, "location": 5162, "visited_at": 1106565177, "id": 100266, "mark": 4}, {"user": 3200, "location": 1948, "visited_at": 951779648, "id": 100267, "mark": 1}, {"user": 6319, "location": 4076, "visited_at": 1287575741, "id": 100268, "mark": 1}, {"user": 8345, "location": 6594, "visited_at": 1198212551, "id": 100269, "mark": 1}, {"user": 1182, "location": 3367, "visited_at": 1107781308, "id": 100270, "mark": 2}, {"user": 7845, "location": 81, "visited_at": 1267686613, "id": 100271, "mark": 1}, {"user": 3906, "location": 4614, "visited_at": 1143116187, "id": 100272, "mark": 1}, {"user": 282, "location": 1513, "visited_at": 1160516890, "id": 100273, "mark": 1}, {"user": 1188, "location": 461, "visited_at": 1331561660, "id": 100274, "mark": 4}, {"user": 8488, "location": 6271, "visited_at": 1109323132, "id": 100275, "mark": 1}, {"user": 2047, "location": 3493, "visited_at": 1412538044, "id": 100276, "mark": 2}, {"user": 7037, "location": 1691, "visited_at": 1399751785, "id": 100277, "mark": 2}, {"user": 1604, "location": 244, "visited_at": 1133958543, "id": 100278, "mark": 2}, {"user": 2956, "location": 3023, "visited_at": 1122202184, "id": 100279, "mark": 2}, {"user": 1871, "location": 368, "visited_at": 1083605330, "id": 100280, "mark": 3}, {"user": 4125, "location": 2572, "visited_at": 1287289671, "id": 100281, "mark": 4}, {"user": 8173, "location": 3332, "visited_at": 1054597656, "id": 100282, "mark": 3}, {"user": 4981, "location": 4860, "visited_at": 1220613940, "id": 100283, "mark": 1}, {"user": 4473, "location": 7335, "visited_at": 1173639475, "id": 100284, "mark": 1}, {"user": 6178, "location": 1819, "visited_at": 1088418067, "id": 100285, "mark": 2}, {"user": 4991, "location": 1520, "visited_at": 1192758428, "id": 100286, "mark": 4}, {"user": 2528, "location": 4975, "visited_at": 1414171737, "id": 100287, "mark": 3}, {"user": 6272, "location": 5990, "visited_at": 956730083, "id": 100288, "mark": 2}, {"user": 3295, "location": 1400, "visited_at": 1328670381, "id": 100289, "mark": 3}, {"user": 802, "location": 2471, "visited_at": 1338014309, "id": 100290, "mark": 3}, {"user": 2710, "location": 2035, "visited_at": 1176909374, "id": 100291, "mark": 4}, {"user": 4983, "location": 5312, "visited_at": 1167826945, "id": 100292, "mark": 3}, {"user": 5723, "location": 4242, "visited_at": 977599776, "id": 100293, "mark": 4}, {"user": 2315, "location": 300, "visited_at": 948492376, "id": 100294, "mark": 2}, {"user": 4929, "location": 64, "visited_at": 1410012430, "id": 100295, "mark": 1}, {"user": 450, "location": 2305, "visited_at": 1043317486, "id": 100296, "mark": 2}, {"user": 4393, "location": 2270, "visited_at": 1125024770, "id": 100297, "mark": 3}, {"user": 604, "location": 5503, "visited_at": 1255088518, "id": 100298, "mark": 2}, {"user": 3077, "location": 7087, "visited_at": 975837019, "id": 100299, "mark": 4}, {"user": 9319, "location": 7629, "visited_at": 1280997861, "id": 100300, "mark": 3}, {"user": 9641, "location": 4348, "visited_at": 985315885, "id": 100301, "mark": 3}, {"user": 2884, "location": 6086, "visited_at": 1147816094, "id": 100302, "mark": 2}, {"user": 9283, "location": 7206, "visited_at": 959701161, "id": 100303, "mark": 1}, {"user": 6306, "location": 2910, "visited_at": 1097818220, "id": 100304, "mark": 3}, {"user": 2493, "location": 648, "visited_at": 988291235, "id": 100305, "mark": 4}, {"user": 5323, "location": 2193, "visited_at": 1113304192, "id": 100306, "mark": 2}, {"user": 4407, "location": 7537, "visited_at": 1063209828, "id": 100307, "mark": 3}, {"user": 2035, "location": 7741, "visited_at": 1340613077, "id": 100308, "mark": 1}, {"user": 6158, "location": 730, "visited_at": 1284029760, "id": 100309, "mark": 2}, {"user": 2064, "location": 6497, "visited_at": 1070761905, "id": 100310, "mark": 1}, {"user": 9034, "location": 3197, "visited_at": 1225678335, "id": 100311, "mark": 1}, {"user": 1742, "location": 3915, "visited_at": 1006913443, "id": 100312, "mark": 3}, {"user": 1700, "location": 6744, "visited_at": 1413109407, "id": 100313, "mark": 3}, {"user": 5053, "location": 5687, "visited_at": 1082395480, "id": 100314, "mark": 1}, {"user": 5018, "location": 2972, "visited_at": 1083786835, "id": 100315, "mark": 2}, {"user": 3233, "location": 5922, "visited_at": 962424219, "id": 100316, "mark": 4}, {"user": 5974, "location": 6791, "visited_at": 1054264565, "id": 100317, "mark": 1}, {"user": 2973, "location": 4732, "visited_at": 1218926022, "id": 100318, "mark": 3}, {"user": 5035, "location": 46, "visited_at": 1114786557, "id": 100319, "mark": 3}, {"user": 4904, "location": 3317, "visited_at": 1027146619, "id": 100320, "mark": 4}, {"user": 4518, "location": 2501, "visited_at": 1314965181, "id": 100321, "mark": 3}, {"user": 2399, "location": 6509, "visited_at": 1295777558, "id": 100322, "mark": 2}, {"user": 1305, "location": 1490, "visited_at": 1290059884, "id": 100323, "mark": 1}, {"user": 9951, "location": 1542, "visited_at": 947381681, "id": 100324, "mark": 1}, {"user": 3124, "location": 902, "visited_at": 1163823000, "id": 100325, "mark": 3}, {"user": 7498, "location": 7283, "visited_at": 1141932130, "id": 100326, "mark": 1}, {"user": 3382, "location": 680, "visited_at": 956177966, "id": 100327, "mark": 4}, {"user": 6566, "location": 5001, "visited_at": 1124654791, "id": 100328, "mark": 2}, {"user": 409, "location": 6782, "visited_at": 1366740133, "id": 100329, "mark": 4}, {"user": 993, "location": 1578, "visited_at": 1187272195, "id": 100330, "mark": 3}, {"user": 8772, "location": 2682, "visited_at": 1114392122, "id": 100331, "mark": 1}, {"user": 2930, "location": 6792, "visited_at": 1342949484, "id": 100332, "mark": 4}, {"user": 7340, "location": 2106, "visited_at": 1398007770, "id": 100333, "mark": 2}, {"user": 6532, "location": 7061, "visited_at": 1157267645, "id": 100334, "mark": 4}, {"user": 6931, "location": 2093, "visited_at": 1415193824, "id": 100335, "mark": 4}, {"user": 1418, "location": 1055, "visited_at": 1385309559, "id": 100336, "mark": 1}, {"user": 8862, "location": 7173, "visited_at": 1029281612, "id": 100337, "mark": 4}, {"user": 2029, "location": 5281, "visited_at": 1235640257, "id": 100338, "mark": 1}, {"user": 2153, "location": 1634, "visited_at": 1101596841, "id": 100339, "mark": 4}, {"user": 8160, "location": 628, "visited_at": 984685189, "id": 100340, "mark": 3}, {"user": 4210, "location": 89, "visited_at": 1039583159, "id": 100341, "mark": 4}, {"user": 8565, "location": 7794, "visited_at": 1166085787, "id": 100342, "mark": 3}, {"user": 5437, "location": 3096, "visited_at": 1056820566, "id": 100343, "mark": 3}, {"user": 5818, "location": 4878, "visited_at": 1069469737, "id": 100344, "mark": 2}, {"user": 387, "location": 1589, "visited_at": 1033912336, "id": 100345, "mark": 2}, {"user": 3158, "location": 5785, "visited_at": 1147056008, "id": 100346, "mark": 1}, {"user": 3628, "location": 3562, "visited_at": 973475864, "id": 100347, "mark": 1}, {"user": 7865, "location": 538, "visited_at": 1011748587, "id": 100348, "mark": 1}, {"user": 6802, "location": 218, "visited_at": 966108570, "id": 100349, "mark": 2}, {"user": 3056, "location": 3961, "visited_at": 1414071728, "id": 100350, "mark": 3}, {"user": 8506, "location": 6323, "visited_at": 1220997396, "id": 100351, "mark": 2}, {"user": 4408, "location": 2446, "visited_at": 1175262064, "id": 100352, "mark": 4}, {"user": 5898, "location": 6440, "visited_at": 959005409, "id": 100353, "mark": 2}, {"user": 7538, "location": 6655, "visited_at": 1338273341, "id": 100354, "mark": 1}, {"user": 8490, "location": 4141, "visited_at": 1293708080, "id": 100355, "mark": 2}, {"user": 3778, "location": 6657, "visited_at": 1155803558, "id": 100356, "mark": 2}, {"user": 3537, "location": 149, "visited_at": 1293364402, "id": 100357, "mark": 3}, {"user": 1197, "location": 7569, "visited_at": 1144660048, "id": 100358, "mark": 4}, {"user": 3494, "location": 3367, "visited_at": 972093646, "id": 100359, "mark": 3}, {"user": 8834, "location": 2224, "visited_at": 971902507, "id": 100360, "mark": 4}, {"user": 1703, "location": 2474, "visited_at": 1188734051, "id": 100361, "mark": 3}, {"user": 4701, "location": 4119, "visited_at": 1192362364, "id": 100362, "mark": 4}, {"user": 4442, "location": 2280, "visited_at": 1138372331, "id": 100363, "mark": 2}, {"user": 4863, "location": 2545, "visited_at": 1265772903, "id": 100364, "mark": 4}, {"user": 8617, "location": 6299, "visited_at": 1150093310, "id": 100365, "mark": 1}, {"user": 223, "location": 521, "visited_at": 1179016392, "id": 100366, "mark": 2}, {"user": 7291, "location": 4082, "visited_at": 1253328276, "id": 100367, "mark": 2}, {"user": 5015, "location": 5344, "visited_at": 1171923590, "id": 100368, "mark": 2}, {"user": 8854, "location": 5782, "visited_at": 1255555512, "id": 100369, "mark": 3}, {"user": 8737, "location": 6995, "visited_at": 974737385, "id": 100370, "mark": 2}, {"user": 9704, "location": 6589, "visited_at": 1085295004, "id": 100371, "mark": 3}, {"user": 6864, "location": 1771, "visited_at": 1419737924, "id": 100372, "mark": 4}, {"user": 1346, "location": 4585, "visited_at": 1284654951, "id": 100373, "mark": 4}, {"user": 8127, "location": 5378, "visited_at": 1104164314, "id": 100374, "mark": 3}, {"user": 9469, "location": 1467, "visited_at": 1308226669, "id": 100375, "mark": 4}, {"user": 1070, "location": 6477, "visited_at": 1318522650, "id": 100376, "mark": 4}, {"user": 8707, "location": 7613, "visited_at": 1277949555, "id": 100377, "mark": 1}, {"user": 3860, "location": 3738, "visited_at": 1048396056, "id": 100378, "mark": 4}, {"user": 4008, "location": 4, "visited_at": 999408430, "id": 100379, "mark": 1}, {"user": 3132, "location": 4419, "visited_at": 1268942400, "id": 100380, "mark": 3}, {"user": 1662, "location": 1754, "visited_at": 1044352858, "id": 100381, "mark": 3}, {"user": 3254, "location": 436, "visited_at": 1217565088, "id": 100382, "mark": 2}, {"user": 9991, "location": 3426, "visited_at": 1155297820, "id": 100383, "mark": 3}, {"user": 9991, "location": 5097, "visited_at": 1312762455, "id": 100384, "mark": 2}, {"user": 1902, "location": 4429, "visited_at": 1307817118, "id": 100385, "mark": 4}, {"user": 6035, "location": 84, "visited_at": 1134443237, "id": 100386, "mark": 1}, {"user": 6545, "location": 6497, "visited_at": 1250489823, "id": 100387, "mark": 4}, {"user": 9597, "location": 5721, "visited_at": 1131690229, "id": 100388, "mark": 2}, {"user": 9483, "location": 3148, "visited_at": 973331606, "id": 100389, "mark": 1}, {"user": 5977, "location": 4524, "visited_at": 1144324916, "id": 100390, "mark": 3}, {"user": 1104, "location": 135, "visited_at": 1122583604, "id": 100391, "mark": 2}, {"user": 9847, "location": 6807, "visited_at": 1002204148, "id": 100392, "mark": 3}, {"user": 7831, "location": 1851, "visited_at": 1385555952, "id": 100393, "mark": 3}, {"user": 1086, "location": 2564, "visited_at": 1030935434, "id": 100394, "mark": 2}, {"user": 9497, "location": 5899, "visited_at": 1292789015, "id": 100395, "mark": 3}, {"user": 6372, "location": 4381, "visited_at": 1277433759, "id": 100396, "mark": 4}, {"user": 2588, "location": 6900, "visited_at": 1338219698, "id": 100397, "mark": 2}, {"user": 2190, "location": 472, "visited_at": 970941086, "id": 100398, "mark": 3}, {"user": 8680, "location": 4868, "visited_at": 1379871967, "id": 100399, "mark": 3}, {"user": 2546, "location": 4384, "visited_at": 1322632618, "id": 100400, "mark": 1}, {"user": 1625, "location": 1113, "visited_at": 979251327, "id": 100401, "mark": 3}, {"user": 1145, "location": 1006, "visited_at": 1080557352, "id": 100402, "mark": 3}, {"user": 7694, "location": 1736, "visited_at": 1259504213, "id": 100403, "mark": 2}, {"user": 481, "location": 510, "visited_at": 1048201182, "id": 100404, "mark": 4}, {"user": 5902, "location": 6180, "visited_at": 1382328763, "id": 100405, "mark": 2}, {"user": 2210, "location": 3149, "visited_at": 979609433, "id": 100406, "mark": 3}, {"user": 9174, "location": 4556, "visited_at": 1139478785, "id": 100407, "mark": 3}, {"user": 5919, "location": 5116, "visited_at": 1087027942, "id": 100408, "mark": 3}, {"user": 9853, "location": 3676, "visited_at": 1143571776, "id": 100409, "mark": 4}, {"user": 3122, "location": 2190, "visited_at": 1154049466, "id": 100410, "mark": 2}, {"user": 1731, "location": 6644, "visited_at": 1229676460, "id": 100411, "mark": 1}, {"user": 5651, "location": 5129, "visited_at": 1069320368, "id": 100412, "mark": 3}, {"user": 1440, "location": 7225, "visited_at": 1393815325, "id": 100413, "mark": 1}, {"user": 2134, "location": 4311, "visited_at": 1170487558, "id": 100414, "mark": 4}, {"user": 8463, "location": 3510, "visited_at": 996761990, "id": 100415, "mark": 3}, {"user": 3089, "location": 6815, "visited_at": 1060891173, "id": 100416, "mark": 2}, {"user": 3668, "location": 3417, "visited_at": 1084438343, "id": 100417, "mark": 3}, {"user": 2291, "location": 4409, "visited_at": 971637348, "id": 100418, "mark": 1}, {"user": 7583, "location": 386, "visited_at": 1366002232, "id": 100419, "mark": 3}, {"user": 2013, "location": 1502, "visited_at": 1267933619, "id": 100420, "mark": 2}, {"user": 4454, "location": 3216, "visited_at": 1086472215, "id": 100421, "mark": 4}, {"user": 9411, "location": 5187, "visited_at": 1107421003, "id": 100422, "mark": 3}, {"user": 6630, "location": 6184, "visited_at": 1383703528, "id": 100423, "mark": 3}, {"user": 7166, "location": 6576, "visited_at": 1268114095, "id": 100424, "mark": 2}, {"user": 3103, "location": 2917, "visited_at": 963442120, "id": 100425, "mark": 2}, {"user": 8765, "location": 5784, "visited_at": 1067140382, "id": 100426, "mark": 3}, {"user": 6641, "location": 7949, "visited_at": 1146816627, "id": 100427, "mark": 2}, {"user": 9559, "location": 2010, "visited_at": 1025594336, "id": 100428, "mark": 1}, {"user": 8522, "location": 2236, "visited_at": 1370632180, "id": 100429, "mark": 2}, {"user": 4580, "location": 781, "visited_at": 1130966097, "id": 100430, "mark": 2}, {"user": 6653, "location": 7490, "visited_at": 1013142927, "id": 100431, "mark": 1}, {"user": 9327, "location": 5531, "visited_at": 1411440335, "id": 100432, "mark": 3}, {"user": 1385, "location": 7290, "visited_at": 1131898475, "id": 100433, "mark": 4}, {"user": 7133, "location": 7291, "visited_at": 1173883443, "id": 100434, "mark": 3}, {"user": 5535, "location": 6811, "visited_at": 1185040107, "id": 100435, "mark": 1}, {"user": 2761, "location": 543, "visited_at": 1244774787, "id": 100436, "mark": 4}, {"user": 7180, "location": 1533, "visited_at": 1068282633, "id": 100437, "mark": 1}, {"user": 2110, "location": 2500, "visited_at": 1140181450, "id": 100438, "mark": 4}, {"user": 7490, "location": 6733, "visited_at": 1294571252, "id": 100439, "mark": 1}, {"user": 2387, "location": 6952, "visited_at": 1039150005, "id": 100440, "mark": 2}, {"user": 8824, "location": 6700, "visited_at": 1307822551, "id": 100441, "mark": 3}, {"user": 6975, "location": 4119, "visited_at": 1268631264, "id": 100442, "mark": 4}, {"user": 9347, "location": 6619, "visited_at": 1325226506, "id": 100443, "mark": 2}, {"user": 9483, "location": 6261, "visited_at": 1358419837, "id": 100444, "mark": 1}, {"user": 5337, "location": 5462, "visited_at": 983018738, "id": 100445, "mark": 1}, {"user": 6090, "location": 4347, "visited_at": 1277572993, "id": 100446, "mark": 3}, {"user": 1056, "location": 3052, "visited_at": 1252410834, "id": 100447, "mark": 1}, {"user": 9887, "location": 7348, "visited_at": 968896433, "id": 100448, "mark": 3}, {"user": 1959, "location": 5033, "visited_at": 1149386567, "id": 100449, "mark": 4}, {"user": 6651, "location": 5035, "visited_at": 1190623972, "id": 100450, "mark": 1}, {"user": 1314, "location": 5025, "visited_at": 1101349905, "id": 100451, "mark": 3}, {"user": 7501, "location": 4128, "visited_at": 1390219450, "id": 100452, "mark": 3}, {"user": 9791, "location": 5225, "visited_at": 971974434, "id": 100453, "mark": 2}, {"user": 8003, "location": 96, "visited_at": 1010160144, "id": 100454, "mark": 3}, {"user": 2981, "location": 6379, "visited_at": 1070394602, "id": 100455, "mark": 4}, {"user": 2129, "location": 3402, "visited_at": 1398705900, "id": 100456, "mark": 4}, {"user": 568, "location": 3376, "visited_at": 1109816705, "id": 100457, "mark": 1}, {"user": 9449, "location": 3471, "visited_at": 1325575258, "id": 100458, "mark": 4}, {"user": 4753, "location": 3662, "visited_at": 1175371897, "id": 100459, "mark": 1}, {"user": 5788, "location": 5007, "visited_at": 1330312502, "id": 100460, "mark": 4}, {"user": 9924, "location": 4519, "visited_at": 1036606558, "id": 100461, "mark": 4}, {"user": 3166, "location": 6778, "visited_at": 1338866423, "id": 100462, "mark": 4}, {"user": 6256, "location": 1706, "visited_at": 1033832954, "id": 100463, "mark": 2}, {"user": 2251, "location": 5622, "visited_at": 1141416769, "id": 100464, "mark": 1}, {"user": 3020, "location": 7008, "visited_at": 1112494212, "id": 100465, "mark": 1}, {"user": 2304, "location": 76, "visited_at": 1396090157, "id": 100466, "mark": 2}, {"user": 8696, "location": 6968, "visited_at": 1236351184, "id": 100467, "mark": 3}, {"user": 8854, "location": 6701, "visited_at": 992985328, "id": 100468, "mark": 4}, {"user": 457, "location": 4807, "visited_at": 1045837729, "id": 100469, "mark": 3}, {"user": 4754, "location": 4229, "visited_at": 1133629319, "id": 100470, "mark": 1}, {"user": 72, "location": 4573, "visited_at": 1279704290, "id": 100471, "mark": 3}, {"user": 8274, "location": 5892, "visited_at": 1403460854, "id": 100472, "mark": 3}, {"user": 5760, "location": 3511, "visited_at": 1131284491, "id": 100473, "mark": 2}, {"user": 6092, "location": 2435, "visited_at": 1197225859, "id": 100474, "mark": 1}, {"user": 6349, "location": 4597, "visited_at": 1010144784, "id": 100475, "mark": 2}, {"user": 7956, "location": 1387, "visited_at": 1062942548, "id": 100476, "mark": 4}, {"user": 7285, "location": 6541, "visited_at": 1383913554, "id": 100477, "mark": 4}, {"user": 814, "location": 6247, "visited_at": 1098940539, "id": 100478, "mark": 4}, {"user": 2444, "location": 3252, "visited_at": 1377906670, "id": 100479, "mark": 4}, {"user": 2572, "location": 771, "visited_at": 1283082525, "id": 100480, "mark": 1}, {"user": 9733, "location": 2635, "visited_at": 1056212522, "id": 100481, "mark": 3}, {"user": 3402, "location": 4876, "visited_at": 1272318549, "id": 100482, "mark": 4}, {"user": 4236, "location": 2642, "visited_at": 1305349377, "id": 100483, "mark": 2}, {"user": 2990, "location": 7202, "visited_at": 1190881340, "id": 100484, "mark": 2}, {"user": 2260, "location": 6795, "visited_at": 1159481244, "id": 100485, "mark": 2}, {"user": 8281, "location": 2295, "visited_at": 1242304699, "id": 100486, "mark": 4}, {"user": 986, "location": 6256, "visited_at": 1407872989, "id": 100487, "mark": 3}, {"user": 4206, "location": 2108, "visited_at": 1284324584, "id": 100488, "mark": 1}, {"user": 2459, "location": 5902, "visited_at": 1216198779, "id": 100489, "mark": 1}, {"user": 8381, "location": 648, "visited_at": 1131284391, "id": 100490, "mark": 1}, {"user": 715, "location": 6487, "visited_at": 1415397169, "id": 100491, "mark": 2}, {"user": 8941, "location": 5908, "visited_at": 1403739277, "id": 100492, "mark": 3}, {"user": 7562, "location": 2522, "visited_at": 1041851973, "id": 100493, "mark": 1}, {"user": 6355, "location": 5973, "visited_at": 1342972331, "id": 100494, "mark": 3}, {"user": 657, "location": 3610, "visited_at": 1410971557, "id": 100495, "mark": 3}, {"user": 5366, "location": 4612, "visited_at": 1178627376, "id": 100496, "mark": 1}, {"user": 3593, "location": 1616, "visited_at": 968573870, "id": 100497, "mark": 1}, {"user": 8449, "location": 6602, "visited_at": 1198245376, "id": 100498, "mark": 3}, {"user": 200, "location": 5066, "visited_at": 1328720864, "id": 100499, "mark": 4}, {"user": 1421, "location": 6595, "visited_at": 1251435091, "id": 100500, "mark": 4}, {"user": 782, "location": 5259, "visited_at": 1365161680, "id": 100501, "mark": 2}, {"user": 2735, "location": 2390, "visited_at": 1088414336, "id": 100502, "mark": 1}, {"user": 4602, "location": 5234, "visited_at": 1078060055, "id": 100503, "mark": 1}, {"user": 2818, "location": 1398, "visited_at": 1024283741, "id": 100504, "mark": 3}, {"user": 3044, "location": 7463, "visited_at": 1415359708, "id": 100505, "mark": 4}, {"user": 1614, "location": 956, "visited_at": 1383748000, "id": 100506, "mark": 2}, {"user": 4857, "location": 2761, "visited_at": 1082797613, "id": 100507, "mark": 2}, {"user": 4120, "location": 7171, "visited_at": 1338209519, "id": 100508, "mark": 1}, {"user": 4223, "location": 5273, "visited_at": 1088755446, "id": 100509, "mark": 1}, {"user": 3803, "location": 807, "visited_at": 1405022666, "id": 100510, "mark": 3}, {"user": 8690, "location": 1583, "visited_at": 1219923646, "id": 100511, "mark": 3}, {"user": 2736, "location": 5091, "visited_at": 1216138754, "id": 100512, "mark": 2}, {"user": 481, "location": 1205, "visited_at": 1255514503, "id": 100513, "mark": 2}, {"user": 7883, "location": 807, "visited_at": 1403697944, "id": 100514, "mark": 3}, {"user": 5460, "location": 4489, "visited_at": 1199708589, "id": 100515, "mark": 1}, {"user": 3861, "location": 1034, "visited_at": 1176815825, "id": 100516, "mark": 2}, {"user": 7899, "location": 1320, "visited_at": 1145011683, "id": 100517, "mark": 4}, {"user": 3123, "location": 3216, "visited_at": 951557684, "id": 100518, "mark": 1}, {"user": 8754, "location": 278, "visited_at": 992105489, "id": 100519, "mark": 1}, {"user": 9374, "location": 4943, "visited_at": 1255216514, "id": 100520, "mark": 2}, {"user": 6037, "location": 7969, "visited_at": 1401606515, "id": 100521, "mark": 3}, {"user": 2927, "location": 2263, "visited_at": 1186504381, "id": 100522, "mark": 1}, {"user": 1985, "location": 5543, "visited_at": 1173927758, "id": 100523, "mark": 1}, {"user": 6969, "location": 2854, "visited_at": 948535747, "id": 100524, "mark": 2}, {"user": 1480, "location": 7529, "visited_at": 1165144593, "id": 100525, "mark": 4}, {"user": 9604, "location": 6728, "visited_at": 1086593871, "id": 100526, "mark": 4}, {"user": 2647, "location": 6935, "visited_at": 998950795, "id": 100527, "mark": 3}, {"user": 553, "location": 3773, "visited_at": 1356627817, "id": 100528, "mark": 3}, {"user": 1058, "location": 7160, "visited_at": 1029520139, "id": 100529, "mark": 4}, {"user": 264, "location": 5797, "visited_at": 1172407421, "id": 100530, "mark": 3}, {"user": 1394, "location": 3963, "visited_at": 1378216102, "id": 100531, "mark": 3}, {"user": 7075, "location": 5877, "visited_at": 1119027845, "id": 100532, "mark": 3}, {"user": 4442, "location": 2759, "visited_at": 1178419142, "id": 100533, "mark": 2}, {"user": 9308, "location": 4507, "visited_at": 1248406965, "id": 100534, "mark": 2}, {"user": 1186, "location": 7811, "visited_at": 1310212987, "id": 100535, "mark": 1}, {"user": 2637, "location": 179, "visited_at": 1314318096, "id": 100536, "mark": 2}, {"user": 7493, "location": 5852, "visited_at": 1227875250, "id": 100537, "mark": 2}, {"user": 4468, "location": 3132, "visited_at": 986453327, "id": 100538, "mark": 2}, {"user": 9353, "location": 6194, "visited_at": 1391337213, "id": 100539, "mark": 2}, {"user": 9125, "location": 1621, "visited_at": 987573489, "id": 100540, "mark": 3}, {"user": 1372, "location": 4354, "visited_at": 1346454594, "id": 100541, "mark": 4}, {"user": 3007, "location": 5816, "visited_at": 1346262699, "id": 100542, "mark": 4}, {"user": 8001, "location": 6641, "visited_at": 1071814700, "id": 100543, "mark": 4}, {"user": 4050, "location": 5857, "visited_at": 1201987180, "id": 100544, "mark": 2}, {"user": 8179, "location": 2588, "visited_at": 1216190047, "id": 100545, "mark": 4}, {"user": 2, "location": 128, "visited_at": 1094225362, "id": 100546, "mark": 3}, {"user": 9043, "location": 5779, "visited_at": 1301775211, "id": 100547, "mark": 1}, {"user": 263, "location": 5909, "visited_at": 1007432439, "id": 100548, "mark": 1}, {"user": 806, "location": 3828, "visited_at": 998007062, "id": 100549, "mark": 3}, {"user": 4746, "location": 4760, "visited_at": 1271688737, "id": 100550, "mark": 4}, {"user": 2121, "location": 564, "visited_at": 1020584757, "id": 100551, "mark": 1}, {"user": 2647, "location": 5745, "visited_at": 1333214482, "id": 100552, "mark": 2}, {"user": 6909, "location": 7494, "visited_at": 990601949, "id": 100553, "mark": 4}, {"user": 7205, "location": 118, "visited_at": 1258177820, "id": 100554, "mark": 2}, {"user": 4703, "location": 4770, "visited_at": 1309414744, "id": 100555, "mark": 2}, {"user": 6798, "location": 796, "visited_at": 1367224919, "id": 100556, "mark": 3}, {"user": 4121, "location": 7712, "visited_at": 1121346342, "id": 100557, "mark": 2}, {"user": 660, "location": 169, "visited_at": 1115411622, "id": 100558, "mark": 2}, {"user": 1135, "location": 2876, "visited_at": 1048322543, "id": 100559, "mark": 2}, {"user": 7264, "location": 414, "visited_at": 975621566, "id": 100560, "mark": 1}, {"user": 6806, "location": 6191, "visited_at": 1330739579, "id": 100561, "mark": 3}, {"user": 2128, "location": 1784, "visited_at": 1241995871, "id": 100562, "mark": 4}, {"user": 9438, "location": 188, "visited_at": 1089588713, "id": 100563, "mark": 1}, {"user": 6537, "location": 343, "visited_at": 1261639427, "id": 100564, "mark": 1}, {"user": 2304, "location": 3284, "visited_at": 1380622759, "id": 100565, "mark": 2}, {"user": 3736, "location": 6969, "visited_at": 947265735, "id": 100566, "mark": 3}, {"user": 8556, "location": 1006, "visited_at": 1408539156, "id": 100567, "mark": 4}, {"user": 6721, "location": 7621, "visited_at": 1331845121, "id": 100568, "mark": 2}, {"user": 8187, "location": 2286, "visited_at": 978842518, "id": 100569, "mark": 3}, {"user": 8020, "location": 3505, "visited_at": 1033895438, "id": 100570, "mark": 2}, {"user": 7516, "location": 4918, "visited_at": 1312948330, "id": 100571, "mark": 3}, {"user": 4062, "location": 4491, "visited_at": 1414276642, "id": 100572, "mark": 1}, {"user": 9591, "location": 4199, "visited_at": 1300623247, "id": 100573, "mark": 4}, {"user": 2306, "location": 3062, "visited_at": 965636730, "id": 100574, "mark": 1}, {"user": 2181, "location": 2468, "visited_at": 1115155804, "id": 100575, "mark": 2}, {"user": 3217, "location": 1616, "visited_at": 1237556783, "id": 100576, "mark": 2}, {"user": 73, "location": 939, "visited_at": 1098038076, "id": 100577, "mark": 3}, {"user": 3050, "location": 921, "visited_at": 967606487, "id": 100578, "mark": 4}, {"user": 6759, "location": 6037, "visited_at": 1315034073, "id": 100579, "mark": 4}, {"user": 1237, "location": 3624, "visited_at": 1261861500, "id": 100580, "mark": 2}, {"user": 6290, "location": 1300, "visited_at": 1249033088, "id": 100581, "mark": 3}, {"user": 120, "location": 5819, "visited_at": 1132248877, "id": 100582, "mark": 4}, {"user": 1303, "location": 927, "visited_at": 1392856952, "id": 100583, "mark": 1}, {"user": 5540, "location": 6864, "visited_at": 1361292326, "id": 100584, "mark": 1}, {"user": 8570, "location": 652, "visited_at": 1344165101, "id": 100585, "mark": 1}, {"user": 6215, "location": 6751, "visited_at": 1036710532, "id": 100586, "mark": 2}, {"user": 7995, "location": 2669, "visited_at": 1215655804, "id": 100587, "mark": 3}, {"user": 1551, "location": 4657, "visited_at": 1050498908, "id": 100588, "mark": 3}, {"user": 40, "location": 7234, "visited_at": 1413894117, "id": 100589, "mark": 1}, {"user": 6260, "location": 2902, "visited_at": 1017116009, "id": 100590, "mark": 2}, {"user": 7915, "location": 2433, "visited_at": 1121397332, "id": 100591, "mark": 1}, {"user": 6071, "location": 5659, "visited_at": 1120727270, "id": 100592, "mark": 1}, {"user": 7053, "location": 4763, "visited_at": 1087184344, "id": 100593, "mark": 2}, {"user": 9704, "location": 3995, "visited_at": 1383245546, "id": 100594, "mark": 2}, {"user": 4989, "location": 4039, "visited_at": 1410150407, "id": 100595, "mark": 1}, {"user": 7189, "location": 5645, "visited_at": 1401231506, "id": 100596, "mark": 1}, {"user": 2236, "location": 4088, "visited_at": 1131450824, "id": 100597, "mark": 1}, {"user": 6777, "location": 626, "visited_at": 956754756, "id": 100598, "mark": 1}, {"user": 4951, "location": 4518, "visited_at": 1252031936, "id": 100599, "mark": 2}, {"user": 237, "location": 5355, "visited_at": 1214571296, "id": 100600, "mark": 4}, {"user": 6893, "location": 1939, "visited_at": 996256984, "id": 100601, "mark": 2}, {"user": 6336, "location": 4187, "visited_at": 1379140596, "id": 100602, "mark": 1}, {"user": 2104, "location": 6991, "visited_at": 1112544523, "id": 100603, "mark": 2}, {"user": 9552, "location": 7599, "visited_at": 1183638520, "id": 100604, "mark": 3}, {"user": 3358, "location": 5820, "visited_at": 1113093332, "id": 100605, "mark": 2}, {"user": 5431, "location": 3256, "visited_at": 1303105273, "id": 100606, "mark": 3}, {"user": 1921, "location": 584, "visited_at": 990992420, "id": 100607, "mark": 4}, {"user": 9474, "location": 6214, "visited_at": 1124190557, "id": 100608, "mark": 2}, {"user": 461, "location": 160, "visited_at": 1371630643, "id": 100609, "mark": 1}, {"user": 3313, "location": 6119, "visited_at": 1240768631, "id": 100610, "mark": 4}, {"user": 6106, "location": 961, "visited_at": 1282568532, "id": 100611, "mark": 4}, {"user": 3163, "location": 732, "visited_at": 961172314, "id": 100612, "mark": 3}, {"user": 7237, "location": 1395, "visited_at": 1222255305, "id": 100613, "mark": 4}, {"user": 5585, "location": 251, "visited_at": 1054612064, "id": 100614, "mark": 4}, {"user": 2507, "location": 6642, "visited_at": 1229855806, "id": 100615, "mark": 2}, {"user": 1693, "location": 5105, "visited_at": 1122472862, "id": 100616, "mark": 2}, {"user": 1952, "location": 947, "visited_at": 1079058925, "id": 100617, "mark": 2}, {"user": 1402, "location": 4007, "visited_at": 1009430507, "id": 100618, "mark": 2}, {"user": 6514, "location": 3064, "visited_at": 1030424703, "id": 100619, "mark": 1}, {"user": 9607, "location": 931, "visited_at": 1388260545, "id": 100620, "mark": 1}]}